Ticket ID,HS Customer,Subject,Source,Type,Weight,Created time,Initial response time,Resolved time,First response time (in hrs),Resolution time (in hrs),Agent interactions,Customer interactions
35,18,Lease name shows up as two different names,Portal,Problem / Issue,3,11/1/2018 16:48,11/2/2018 10:34,11/2/2018 10:39,2:45:09,2:50:17,1,1
36,19,Report Filters,Portal,Feature Request,2,11/5/2018 11:22,11/5/2018 12:11,11/6/2018 7:35,0:48:16,5:12:29,2,1
44,20,area selectiom,Portal,General Question,1,11/15/2018 6:05,11/15/2018 7:51,11/16/2018 12:21,0:51:08,14:21:07,1,1
54,20,report fields ,Portal,Feature Request,1,11/18/2018 7:32,11/18/2018 7:42,11/20/2018 7:03,0:00:00,9:03:26,1,1
55,23,Driver Run Report is Duplicating Drivers,Portal,Problem / Issue,2,11/27/2018 10:58,11/27/2018 12:57,11/27/2018 12:57,1:59:15,1:59:18,1,1
65,18,How do I delete & replace a supplemental ticket once it has reached the Master ticket status ,Portal,Problem / Issue,2,12/6/2018 10:21,12/6/2018 10:47,12/6/2018 14:24,0:26:16,4:03:19,1,1
71,18,Attaching a scan after the fact,Portal,General Question,2,12/7/2018 14:09,12/8/2018 15:26,12/7/2018 15:47,0:00:00,1:38:19,0,1
73,18,Date Range Report,Portal,Software Problem / Issue,1,12/12/2018 9:31,12/12/2018 10:41,12/12/2018 11:04,1:09:50,1:33:08,1,1
75,18,PO/AFE Number Not on MT,Portal,Software Problem / Issue,1,12/14/2018 8:17,12/14/2018 8:22,12/20/2018 13:43,0:04:55,41:25:58,1,1
76,18,UNABLE TO PRINT BACK-UPS MT 211685,Portal,Software Problem / Issue,3,12/17/2018 13:17,12/17/2018 13:23,12/17/2018 13:46,0:05:12,0:28:53,2,1
82,15,hauling software,Portal,Software Problem / Issue,2,12/20/2018 10:22,12/21/2018 11:14,12/20/2018 11:14,0:00:00,0:52:04,0,1
84,18,"FW: [External] Re: Additional field in Hauling Software, Roustabout Software and DSS",Email,Feature Request,5,12/12/2018 14:46,12/12/2018 16:42,12/13/2018 21:43,0:00:00,0:28:42,0,1
85,18,field tickets have the wrong driver name attached to them in hauling and those field tickets are on a master ticket. how can i change the driver name?,Portal,General Question,4,12/27/2018 7:09,12/27/2018 7:30,12/27/2018 8:06,0:21:32,0:56:59,2,1
87,18,Re: FW: [External] Re: DSS Master Tickets,Email,Software Problem / Issue,3,12/14/2018 12:13,12/14/2018 15:27,12/28/2018 15:22,0:00:00,0:01:50,0,1
89,15,no charge report,Portal,General Question,2,1/8/2019 8:54,1/8/2019 9:10,1/9/2019 9:05,0:16:30,9:10:42,1,1
92,15,ticket entry,Portal,Data Entry Support,2,1/9/2019 11:35,1/9/2019 11:59,1/9/2019 13:53,0:24:16,2:17:53,2,2
97,20,automatically duplicating leases that are auto haul ,Portal,Data Entry Support,2,1/12/2019 4:49,1/12/2019 7:31,1/12/2019 7:31,0:00:00,0:00:00,1,1
101,18,Re: New S&S Disposal,Email,General Question,3,1/15/2019 11:37,1/14/2019 14:21,1/15/2019 14:21,0:00:00,2:43:35,0,2
102,5,LATX Operations Electronic Tickets Possibility ,Email,General Question,2,1/15/2019 15:45,1/15/2019 15:58,1/18/2019 8:12,0:12:42,10:27:00,1,1
103,15,Reports,Portal,General Question,1,1/16/2019 10:53,1/16/2019 11:01,1/16/2019 14:28,0:00:00,0:00:00,3,4
104,4,Estimate Lookup - save invoice without tickets,Phone,Software Problem / Issue,2,1/16/2019 13:41,,1/16/2019 15:11,0:00:00,0:00:00,0,1
105,18,Hauling Software,Email,Feature Request,4,1/16/2019 14:02,1/16/2019 14:27,1/17/2019 6:53,0:00:00,0:00:00,2,1
106,21,HS J&R,Email,Software Problem / Issue,3,1/16/2019 15:31,1/16/2019 15:51,1/16/2019 15:52,0:00:00,0:00:00,1,1
107,4,Re: Hauling Software,Email,Software Problem / Issue,3,1/16/2019 15:40,1/16/2019 15:47,1/18/2019 14:11,0:00:00,16:11:50,4,1
111,20,Re: Miscalculations,Email,Software Problem / Issue,3,1/19/2019 10:24,,1/23/2019 13:40,0:00:00,24:40:21,0,6
112,18,Hauling Software: Date Range Report,Email,Software Problem / Issue,3,1/21/2019 12:32,1/21/2019 12:38,1/21/2019 15:40,0:06:38,3:08:25,2,1
114,18,Bulk MT Print ,Portal,Software Problem / Issue,2,1/21/2019 16:19,1/21/2019 16:27,1/21/2019 16:51,0:00:00,0:00:00,1,1
115,28,Invoice Not pulling to Quickbooks,Phone,Software Problem / Issue,2,1/21/2019 16:19,1/21/2019 16:22,1/22/2019 7:07,0:00:00,0:07:07,1,1
116,25,Job Number Field,Portal,Data Entry Support,2,1/22/2019 8:15,1/22/2019 8:23,2/4/2019 13:53,0:07:48,86:38:01,2,1
118,18,Cannot Add or Edit Leases,Portal,Software Problem / Issue,2,1/23/2019 7:59,1/23/2019 8:12,1/23/2019 12:12,0:13:31,4:12:54,1,1
120,10,Re: HS - Data Entry for Arkansas - Waiting to be Completed Error,Email,Software Problem / Issue,2,1/25/2019 9:10,,1/25/2019 9:41,0:00:00,0:30:51,0,2
128,10,Unable to Import Western OK into QB - 6 errors,Portal,Software Problem / Issue,2,2/1/2019 15:59,,2/4/2019 16:55,0:00:00,9:00:27,0,1
129,15,Arkansas - FlyWheel Non-billable ,Portal,Data Entry Support,3,2/6/2019 10:00,2/6/2019 10:43,2/6/2019 12:30,0:43:21,2:30:31,3,3
131,15,HS - CSV Exports on Reports,Phone,Feature Request,5,2/7/2019 7:26,2/20/2019 16:38,2/22/2019 7:23,81:00:00,90:00:00,1,2
133,10,Fwd: Disposal Report,Email,Software Problem / Issue,2,2/8/2019 16:27,2/8/2019 16:35,2/11/2019 12:22,0:00:00,5:22:29,2,2
134,15,ticket entry,Portal,Data Entry Support,1,2/11/2019 12:30,,2/11/2019 13:13,0:00:00,0:43:07,0,1
138,18,Question,Email,Software Problem / Issue,2,2/19/2019 10:28,2/19/2019 11:07,2/22/2019 7:24,0:38:46,15:31:16,1,1
140,5,Ticket Metrics Export,Portal,Feature Request,2,2/19/2019 14:33,2/19/2019 14:57,4/4/2019 9:11,0:24:08,273:37:51,5,6
141,5,Re: Ticket Metrics Export,Email,,3,2/20/2019 0:08,,2/20/2019 7:10,0:00:00,0:00:00,0,1
143,18,Re: Hauling Software - Circle 9/ Bison Oilfield - 142,Email,Software Problem / Issue,2,2/20/2019 6:53,2/20/2019 6:50,2/20/2019 7:13,0:00:00,0:00:00,0,1
145,18,RE: ticket graph,Email,Software Problem / Issue,2,2/20/2019 8:05,2/20/2019 7:49,2/20/2019 8:13,0:00:00,0:00:00,2,1
146,10,QB Web Connector - Authentication Error,Portal,Software Problem / Issue,2,2/20/2019 9:01,2/20/2019 9:03,3/4/2019 9:22,0:00:00,64:22:54,2,3
147,10,[Automated Ticket Entry] > [View Completed Jobs] non-functioning,Portal,Software Problem / Issue,2,2/20/2019 9:10,2/20/2019 9:19,2/22/2019 7:36,0:00:00,9:00:00,1,1
148,16,Quickbook Error,Portal,General Question,4,2/20/2019 10:11,2/20/2019 10:15,2/22/2019 7:24,0:00:00,9:00:00,2,2
149,18,Inventory Rental MTs,Portal,Software Problem / Issue,2,2/20/2019 10:29,2/27/2019 15:04,2/27/2019 15:05,43:04:53,43:05:18,1,1
151,19,Invoices,Portal,Software Problem / Issue,3,2/20/2019 14:10,2/22/2019 7:51,2/22/2019 7:53,9:00:00,9:00:00,1,1
152,16,error uploading docs,Portal,Data Entry Support,3,2/20/2019 14:35,2/20/2019 14:47,2/22/2019 7:54,0:00:00,9:00:00,2,2
153,18,Hauling Software,Email,Software Problem / Issue,3,2/21/2019 8:55,2/21/2019 9:09,2/27/2019 15:05,0:13:23,42:09:46,2,1
154,18,Cannot Create Master Tickets,Portal,Software Problem / Issue,3,2/21/2019 8:58,,2/21/2019 9:11,0:00:00,0:13:18,0,1
156,18,TICKET ENTRY - EDIT,Portal,Software Problem / Issue,4,2/21/2019 9:57,2/21/2019 10:09,2/21/2019 10:09,0:11:33,0:11:37,1,1
157,18,Cannot change the bill type. ,Portal,Data Entry Support,3,2/21/2019 10:52,,2/21/2019 12:53,0:00:00,2:00:45,0,1
158,18,TICKET ENTRY,Portal,Software Problem / Issue,3,2/21/2019 11:22,2/21/2019 12:55,2/21/2019 12:56,1:33:23,1:33:36,1,1
159,10,QB Web Connector - Western OK - Customer = Derby,Portal,Software Problem / Issue,4,2/21/2019 16:11,2/21/2019 16:49,2/21/2019 16:49,0:38:20,0:38:22,1,2
160,10,Flowback Category to Inactive,Portal,General Question,3,2/22/2019 11:09,,2/22/2019 17:17,0:00:00,5:50:19,0,1
161,28,Factoring tickets for Quickbooks,Portal,Software Problem / Issue,4,2/22/2019 15:45,,2/22/2019 17:20,0:00:00,1:15:00,0,1
162,21,Hauling Software Issue,Portal,Software Problem / Issue,4,2/25/2019 9:24,2/25/2019 9:45,2/25/2019 13:36,0:20:57,4:12:07,2,1
163,10,Skip Ticket > Email Notification Not Functioning,Portal,Software Problem / Issue,2,2/25/2019 10:57,,2/26/2019 7:40,0:00:00,6:02:02,0,1
164,28,Ticket lookup,Portal,Software Problem / Issue,4,2/25/2019 11:21,2/25/2019 12:23,2/25/2019 13:36,1:02:41,2:14:43,1,2
166,15,admin approval,Portal,Data Entry Support,3,2/25/2019 13:35,2/25/2019 14:46,3/4/2019 9:22,1:10:29,40:47:05,1,1
167,34,PDF Offset,Portal,Software Problem / Issue,3,2/25/2019 14:49,2/25/2019 15:06,2/27/2019 15:05,0:16:47,18:16:16,3,1
168,18,Tickets 17270 & 22417,Portal,Software Problem / Issue,5,2/26/2019 8:38,,2/26/2019 16:32,0:00:00,7:54:33,0,1
169,5,Loading issue,Portal,Software Problem / Issue,2,2/26/2019 10:38,,2/26/2019 13:29,0:00:00,2:50:16,0,1
172,26,deleting an entry under a job,Portal,Data Entry Support,3,3/1/2019 21:29,3/4/2019 7:46,3/4/2019 8:09,0:00:00,0:09:43,1,2
175,10,Admin Approve - Show Tix Glitch in Chrome,Portal,Software Problem / Issue,1,3/5/2019 16:03,3/5/2019 16:09,3/5/2019 16:10,0:06:40,0:06:45,1,2
176,18,Re: Hauling - Question,Email,General Question,4,3/11/2019 11:52,3/11/2019 12:27,6/5/2019 7:47,0:35:30,545:07:48,3,1
178,5,Date Range Report,Portal,Feature Request,2,3/11/2019 15:38,3/11/2019 15:52,5/15/2019 11:15,0:13:55,418:36:37,1,1
181,24,JOB # 2584 ASCENT RUTH PAD,Portal,Data Entry Support,3,3/13/2019 7:35,3/13/2019 7:47,3/14/2019 7:49,0:00:00,9:00:00,1,1
182,15,ticket entry,Portal,Data Entry Support,2,3/13/2019 12:33,,3/13/2019 12:44,0:00:00,0:10:42,0,1
183,18,DATA ENTRY - TIME CHANGE,Portal,Software Problem / Issue,2,3/13/2019 16:35,,3/14/2019 7:49,0:00:00,0:24:35,0,1
184,15,edit ticket,Portal,Data Entry Support,4,3/14/2019 11:15,3/14/2019 14:34,3/15/2019 11:02,3:19:40,8:46:59,3,2
186,21,File error,Portal,Software Problem / Issue,2,3/18/2019 8:50,3/18/2019 9:04,3/21/2019 16:30,0:13:42,34:39:27,2,1
187,15,data entry-invoice,Portal,Data Entry Support,3,3/18/2019 12:07,3/18/2019 12:49,4/5/2019 13:56,0:41:42,127:49:31,3,2
188,28,Ticket?,Portal,Data Entry Support,3,3/19/2019 11:01,3/19/2019 11:08,3/19/2019 12:05,0:06:51,1:03:09,1,1
191,18,Re: Date Range Report (Hauling Software),Email,,2,3/22/2019 12:19,,3/22/2019 12:30,0:00:00,0:11:02,0,3
194,18,HAULING SOFTWARE JUST SPINNING - WON'T LOAD,Portal,Software Problem / Issue,1,3/25/2019 8:34,,3/25/2019 9:22,0:00:00,0:48:36,0,1
196,18,SLOW ,Portal,Software Problem / Issue,2,3/26/2019 7:39,3/26/2019 7:47,3/27/2019 7:27,0:00:00,9:00:00,1,1
198,26,Need something deleted,Portal,Data Entry Support,2,3/27/2019 15:22,3/27/2019 15:30,3/27/2019 15:39,0:07:54,0:16:42,1,2
199,26,DATE CHANGE ON CLOSED ITEM,Portal,Data Entry Support,2,3/31/2019 20:13,3/31/2019 20:22,4/1/2019 13:04,0:00:00,5:04:11,2,2
200,26,closed item at wrong date,Portal,Data Entry Support,2,4/1/2019 12:17,4/1/2019 12:29,4/1/2019 12:53,0:11:49,0:36:09,1,1
203,19,TICKETS,Portal,General Question,2,4/4/2019 7:32,4/4/2019 7:39,4/4/2019 9:11,0:00:00,1:11:26,1,1
205,5,add filter feature,Portal,Feature Request,5,4/8/2019 15:00,4/8/2019 15:16,4/9/2019 15:55,0:15:28,9:55:19,2,1
206,39,First Invoice,Portal,General Question,1,4/8/2019 16:47,4/9/2019 7:11,4/9/2019 9:20,0:12:38,1:33:16,1,2
208,5,Dropbox Scans Share,Email,General Question,2,4/9/2019 12:08,4/9/2019 13:07,4/9/2019 13:08,0:58:28,0:59:20,1,1
209,25,New Feature requests and concerns,Portal,Feature Request,3,4/9/2019 17:21,4/10/2019 8:48,5/23/2019 9:36,0:48:17,280:36:22,1,1
211,25,CALCULATION SPREADSHEET,Portal,Software Problem / Issue,2,4/11/2019 7:48,4/11/2019 11:34,4/11/2019 11:35,3:34:49,3:35:01,1,1
212,18,Missing revenue button from the revenue report,Portal,Software Problem / Issue,3,4/11/2019 13:48,4/11/2019 14:04,4/12/2019 7:29,0:16:48,3:11:49,1,1
217,18,FW: [External] HS - Email CSV Date Range 04/01/2019-04/12/2019,Email,Software Problem / Issue,2,4/12/2019 9:41,4/12/2019 9:43,4/13/2019 7:32,0:01:39,7:18:25,2,1
219,24,ADDING ITEM CATEGORY ,Portal,Data Entry Support,4,4/14/2019 11:16,4/14/2019 11:19,4/14/2019 11:19,0:00:00,0:00:00,1,1
220,18,Hauling Software,Email,Feature Request,4,4/15/2019 9:04,4/15/2019 16:52,4/18/2019 15:30,7:47:25,33:26:22,3,3
222,19,Re: Reports,Email,General Question,3,4/15/2019 11:32,4/15/2019 11:45,4/15/2019 15:39,0:13:26,4:07:19,1,1
225,37,Fwd: Invoice Description,Email,Software Problem / Issue,3,4/16/2019 11:46,4/16/2019 11:52,4/16/2019 12:00,0:06:49,0:14:26,1,1
276,26,reopen a closed item please,Portal,Data Entry Support,2,4/17/2019 12:43,4/17/2019 12:55,4/17/2019 14:23,0:11:21,1:39:46,2,4
286,26,JOB NUMBER 3594,Portal,Data Entry Support,2,4/18/2019 9:58,4/18/2019 10:01,4/18/2019 14:00,0:03:04,4:01:34,1,1
287,19,Supplemental Reconcile,Portal,Feature Request,4,4/18/2019 10:58,4/18/2019 13:17,4/18/2019 15:28,2:18:19,4:29:39,1,1
318,25,"Suggestions, Needs, and Questions Hauling Software",Email,General Question,2,4/22/2019 11:58,4/22/2019 12:03,5/23/2019 9:36,0:04:28,204:37:27,1,1
323,26,reopen a closed item please,Portal,Data Entry Support,2,4/24/2019 7:22,4/24/2019 7:36,4/25/2019 15:52,0:00:00,16:52:59,1,1
325,28,Fwd: Momentum Question,Email,General Question,1,4/24/2019 10:50,4/24/2019 17:06,4/26/2019 15:28,6:09:19,22:37:48,2,3
327,18,Hauling Software,Email,Software Problem / Issue,1,4/25/2019 8:29,,4/25/2019 10:16,0:00:00,1:46:34,0,1
328,18,FW: Hauling Software,Email,Software Problem / Issue,1,4/25/2019 9:53,4/25/2019 10:02,4/25/2019 10:16,0:08:33,0:22:19,1,1
329,18,Re: - - 328,Email,Software Problem / Issue,1,4/25/2019 10:02,4/25/2019 10:14,4/25/2019 10:16,0:12:19,0:13:38,1,1
330,18,Hauling Software,Email,Software Problem / Issue,1,4/25/2019 10:05,,4/25/2019 10:15,0:00:00,0:09:57,0,1
332,18,Re: Hauling Software,Email,Software Problem / Issue,1,4/25/2019 10:16,,4/25/2019 10:16,0:00:00,0:00:37,0,1
334,24,Re: HS,Email,Software Problem / Issue,4,4/26/2019 7:48,4/26/2019 12:34,5/6/2019 10:20,4:34:27,56:20:47,1,6
335,18,Master Ticket Status Report,Portal,General Question,3,4/26/2019 9:13,4/26/2019 9:32,5/1/2019 10:23,0:18:49,28:09:52,1,1
339,21,[Auto-Reply] Ticket Received - Quickbooks connecting to Hauling Software,Email,,4,4/27/2019 10:10,,4/27/2019 10:49,0:00:00,0:00:00,0,1
343,41,CONTACT LIST FOR ONBOARDING,Email,Positive Feedback,2,5/1/2019 13:01,,5/2/2019 14:20,0:00:00,10:19:54,0,1
351,18,Re: Fw: Missing Ticket,Email,General Question,5,5/7/2019 9:43,,5/7/2019 14:04,0:00:00,4:21:15,0,3
354,5,Dropbox Scans Share,Email,General Question,2,5/8/2019 14:05,5/8/2019 16:18,5/9/2019 11:43,2:13:05,6:37:49,1,1
358,37,Dispatch Link,Email,General Question,1,5/9/2019 12:31,5/9/2019 12:39,5/9/2019 13:18,0:07:54,0:46:27,2,2
359,37,Question,Email,General Question,1,5/9/2019 14:09,,5/10/2019 15:09,0:00:00,9:59:57,0,1
360,37,TRUCKS,Email,General Question,1,5/9/2019 14:33,,5/9/2019 14:50,0:00:00,0:16:55,0,1
369,24,Re: HS,Email,Software Problem / Issue,3,5/13/2019 16:24,5/15/2019 7:49,5/15/2019 11:13,9:35:30,12:49:23,1,1
370,21,Re: Special Report,Email,Feature Request,3,5/13/2019 21:53,,5/15/2019 11:11,0:00:00,12:11:49,0,13
378,18,Re: DSS Need,Email,,4,5/16/2019 11:36,,5/16/2019 12:28,0:00:00,0:51:33,0,1
425,25,Hs dispatch,Email,Software Problem / Issue,4,5/17/2019 10:29,5/17/2019 11:22,5/20/2019 7:46,0:53:33,6:30:48,1,3
430,37,Platinum Oilfield Services Billing Questions,Email,General Question,2,5/21/2019 10:08,5/21/2019 11:02,5/23/2019 9:34,0:54:12,17:25:59,1,3
431,28,Update Web Services - Quickbooks,Portal,Data Entry Support,3,5/22/2019 15:09,,5/23/2019 8:30,0:00:00,2:21:47,0,1
438,18,Additional Field Request,Phone,Feature Request,4,5/28/2019 11:29,5/30/2019 8:23,5/30/2019 8:24,9:23:59,9:24:04,1,1
440,37,Re: Kendra,Email,Data Entry Support,2,5/30/2019 12:03,5/30/2019 13:10,6/13/2019 10:42,1:07:28,88:39:51,1,1
442,16,Issue With the Disposal Price Field blanking out,Phone,Software Problem / Issue,4,5/30/2019 15:37,,6/17/2019 11:09,0:00:00,103:31:46,0,1
444,18,MT285116,Portal,Software Problem / Issue,4,5/31/2019 11:57,,6/3/2019 16:38,0:00:00,13:41:07,0,1
446,20,Re: Hauling Software,Email,Feature Request,5,6/1/2019 10:25,6/1/2019 11:37,6/3/2019 14:58,0:00:00,6:58:38,1,2
448,37,Ticket Entry,Portal,Data Entry Support,2,6/2/2019 22:00,6/3/2019 6:13,6/3/2019 14:58,0:00:00,6:58:09,1,2
449,19,Re: URGENT - Issues with new tickets,Email,Software Problem / Issue,5,6/3/2019 11:42,6/4/2019 9:15,6/13/2019 10:15,6:32:43,70:33:32,1,4
450,37,Error Message,Email,General Question,3,6/3/2019 11:55,,6/3/2019 14:57,0:00:00,3:01:45,0,1
452,18,Rig & county,Portal,Software Problem / Issue,5,6/3/2019 16:02,6/3/2019 16:38,6/11/2019 10:27,0:35:29,48:24:46,10,10
455,15,field for data entry,Portal,Data Entry Support,3,6/5/2019 11:31,6/11/2019 8:15,6/27/2019 16:24,32:44:00,148:53:40,3,4
456,5,slow,Portal,Software Problem / Issue,2,6/5/2019 14:13,6/5/2019 14:21,6/5/2019 14:37,0:07:49,0:24:32,1,2
457,34,Dropbox,Portal,Software Problem / Issue,4,6/6/2019 9:20,6/6/2019 10:04,6/10/2019 16:54,0:43:38,25:33:53,2,2
459,41,Re: Report Request,Email,Feature Request,5,6/6/2019 20:16,6/10/2019 11:01,6/13/2019 10:42,12:01:24,38:42:39,1,3
496,41,RE: VINE LEASES,Email,General Question,4,6/7/2019 9:36,,6/7/2019 10:33,0:00:00,0:56:38,0,1
502,41,TICKET VOIDING,Portal,General Question,1,6/7/2019 10:26,6/7/2019 10:35,6/10/2019 16:51,0:09:17,15:25:33,2,3
764,41,DATE RANGE REPORT,Portal,Software Problem / Issue,4,6/10/2019 9:25,6/10/2019 9:34,6/13/2019 9:37,0:08:46,27:11:36,4,4
766,20,Re: Hauling software,Email,Software Problem / Issue,3,6/11/2019 12:10,6/11/2019 12:53,6/12/2019 8:45,0:43:31,5:34:46,2,3
768,18,Re: ETICKET CORRECTIONS,Email,Software Problem / Issue,3,6/11/2019 23:26,6/12/2019 8:20,6/12/2019 8:44,0:20:45,0:44:45,1,2
770,41,Turn off ticket entry review,Phone,Data Entry Support,2,6/12/2019 17:14,,6/12/2019 17:14,0:00:00,0:00:00,0,1
771,19,FW: Lagoon Disposal Invoices,Email,General Question,3,6/13/2019 16:03,,6/14/2019 10:37,0:00:00,3:34:22,0,1
773,18,Rig info is still missing from master ticket,Portal,Software Problem / Issue,4,6/14/2019 10:53,6/14/2019 11:15,6/14/2019 12:11,0:21:45,1:18:01,2,2
774,18,Rig Info Does Not Show On Master Ticket,Portal,Software Problem / Issue,4,6/16/2019 9:35,6/17/2019 9:13,6/27/2019 16:24,1:13:13,80:24:44,3,1
777,37,Error Importing into QB,Email,Software Problem / Issue,3,6/19/2019 15:20,,6/19/2019 15:53,0:00:00,0:33:08,0,1
778,40,Add Job to Schedule Disappears,Portal,Software Problem / Issue,4,6/20/2019 9:20,6/20/2019 9:47,6/27/2019 16:24,0:26:58,52:04:24,2,2
779,18,HS Lease Admin,Email,Software Problem / Issue,2,6/20/2019 10:50,6/20/2019 16:36,6/27/2019 16:24,5:46:06,50:33:40,1,1
780,18,FW: HS Lease Admin,Email,Software Problem / Issue,2,6/21/2019 9:16,6/21/2019 9:24,6/27/2019 16:24,0:08:21,43:07:49,1,1
781,20,Hauling Software Ticket Disappearing Question,Email,General Question,3,6/21/2019 11:01,6/21/2019 11:20,6/24/2019 16:36,0:19:02,14:34:43,3,3
782,28,Trouble with dispatched loads,Portal,Software Problem / Issue,3,6/21/2019 16:19,6/21/2019 18:57,7/22/2019 13:47,0:40:33,177:28:01,4,2
786,18,MISSING E-TICKET ,Portal,Software Problem / Issue,3,6/24/2019 12:25,6/24/2019 14:33,6/25/2019 8:17,2:08:28,4:52:23,1,1
787,16,Re: void tickets,Email,Software Problem / Issue,3,6/24/2019 12:47,,6/24/2019 15:19,0:00:00,2:32:31,0,2
791,34,RE: Custom Reports,Email,Feature Request,3,6/25/2019 10:41,6/25/2019 12:00,7/22/2019 13:47,1:19:06,165:06:41,2,2
792,41,DATE FILTER,Portal,Feature Request,1,6/25/2019 14:42,,7/1/2019 9:07,0:00:00,30:25:27,0,1
794,18,Re: Bison Dropbox,Email,General Question,2,6/26/2019 13:12,6/26/2019 13:52,6/28/2019 8:05,0:39:39,12:52:15,1,1
795,4,Re: DSS,Email,Software Problem / Issue,2,6/26/2019 13:29,6/26/2019 13:48,7/22/2019 13:49,0:19:14,153:19:58,4,3
797,41,INVOICES,Portal,Software Problem / Issue,4,6/26/2019 17:50,6/27/2019 7:13,6/28/2019 8:05,0:00:00,9:05:40,1,2
799,41,Multiple Disposal Issue,Email,Feature Request,3,6/27/2019 9:16,6/27/2019 9:54,8/5/2019 14:49,0:38:22,239:33:05,2,2
801,10,Re: Is ticketing standing between you and payday? [Free guide inside!],Email,General Question,2,6/27/2019 19:51,6/28/2019 9:13,7/22/2019 13:50,1:13:30,140:50:12,1,2
802,24,ITEM CATEGORY ADDITION,Portal,Data Entry Support,3,6/28/2019 8:07,6/28/2019 8:24,6/28/2019 10:14,0:17:13,2:07:01,2,3
803,19,Hauling Software Disposal,Email,Data Entry Support,3,6/28/2019 9:09,6/28/2019 9:34,6/28/2019 10:13,0:25:01,1:04:12,1,2
804,41,Service Work Invoice,Email,General Question,3,6/28/2019 9:16,,6/28/2019 11:18,0:00:00,2:02:00,0,1
805,41,Multiple Disposal Invoice,Email,General Question,3,6/28/2019 9:19,,6/28/2019 11:18,0:00:00,1:59:00,0,1
806,18,Longhorn EOG,Email,General Question,4,6/28/2019 12:15,6/28/2019 14:27,7/1/2019 9:55,2:12:24,6:40:39,1,2
807,41,Mewbourne Leases,Email,Feature Request,2,6/30/2019 16:25,,7/2/2019 10:47,0:00:00,11:47:17,0,1
814,20,Lagoon Water Solutions - Undispatched Dispatch Order Number - #1670242,Email,General Question,2,7/3/2019 13:37,7/3/2019 14:01,7/8/2019 8:52,0:23:57,13:14:34,1,1
815,28,Canâ€™t complete tickets ,Portal,Software Problem / Issue,2,7/4/2019 12:05,7/8/2019 8:51,7/22/2019 13:47,9:51:33,104:47:17,1,1
816,37,Void batch- Hughes Disposal,Email,General Question,2,7/8/2019 9:43,7/8/2019 9:56,7/8/2019 14:22,0:13:06,4:38:33,1,2
818,15,invoice,Portal,Data Entry Support,3,7/8/2019 10:33,,7/9/2019 14:39,0:00:00,13:06:01,0,1
819,18,Re: MISSING TICKET # AYRQ5PPJ,Email,Software Problem / Issue,4,7/8/2019 11:34,7/8/2019 12:27,7/8/2019 13:54,0:52:57,2:19:54,1,1
820,15,Re: Quickbooks Additional Customization,Email,Feature Request,4,7/8/2019 12:16,,7/9/2019 14:41,0:00:00,11:25:03,0,2
821,18,MISSING E-TICKET ,Portal,Software Problem / Issue,4,7/8/2019 12:31,,7/8/2019 13:38,0:00:00,1:06:51,0,1
824,20,Re: Dropbox folder,Email,General Question,3,7/9/2019 17:22,,7/22/2019 13:46,0:00:00,77:46:06,0,7
825,20,Errors,Email,Software Problem / Issue,3,7/10/2019 8:49,7/10/2019 9:12,7/22/2019 13:45,0:23:31,76:56:22,2,2
828,18,Moving Rolled Back Ticket Back to Original MT,Portal,Software Problem / Issue,3,7/11/2019 13:03,,7/11/2019 13:14,0:00:00,0:11:24,0,1
829,18,Re: DSS Questions,Email,General Question,4,7/11/2019 14:12,7/11/2019 14:46,7/31/2019 8:22,0:34:19,120:09:29,4,3
831,18,Dropbox Question,Email,General Question,2,7/15/2019 11:28,7/15/2019 11:38,7/16/2019 11:44,0:09:25,9:16:10,1,2
833,25,Leases disappearing,Portal,Software Problem / Issue,3,7/15/2019 16:22,,7/16/2019 16:00,0:00:00,8:38:18,0,1
834,28,Tablet issues,Portal,Software Problem / Issue,4,7/15/2019 19:44,7/15/2019 19:59,7/22/2019 13:46,0:00:00,41:46:45,2,1
836,19,CHECKING ON UPLOADS D=FROM YESTERDAY,Portal,General Question,1,7/16/2019 7:47,,7/16/2019 9:26,0:00:00,1:26:57,0,1
837,25,Auto hauls not scheduling correctly,Portal,Software Problem / Issue,3,7/16/2019 9:09,7/16/2019 9:23,7/16/2019 11:55,0:13:30,2:46:14,1,1
838,25,Auto haul still not rescheduling,Portal,Software Problem / Issue,4,7/16/2019 10:19,7/16/2019 11:49,7/16/2019 11:55,1:29:52,1:36:22,1,1
839,25,FW: No Load on Geraldine,Email,General Question,3,7/16/2019 12:28,7/16/2019 13:20,7/16/2019 16:00,0:52:18,3:32:04,1,1
840,18,Alex SWD #1,Email,Software Problem / Issue,4,7/16/2019 15:21,7/16/2019 15:26,7/16/2019 15:43,0:04:21,0:21:35,2,3
841,25,FW: No Load,Email,General Question,3,7/17/2019 8:34,7/17/2019 9:51,7/22/2019 13:42,1:17:11,32:08:37,1,2
842,25,Fields to be renamed,Portal,Feature Request,2,7/17/2019 13:35,7/17/2019 15:14,7/22/2019 13:43,1:38:59,27:07:44,1,1
843,25,FW: No Load,Email,General Question,3,7/17/2019 14:11,7/17/2019 15:52,7/22/2019 13:42,1:41:14,26:31:06,2,2
844,25,Fwd: No loads from 7/17 PM shift,Email,General Question,3,7/18/2019 5:46,7/18/2019 10:15,7/22/2019 13:42,2:15:10,23:42:40,1,2
845,25,FW: short load,Email,General Question,3,7/18/2019 9:39,7/18/2019 11:38,7/22/2019 13:42,1:58:20,22:02:28,1,2
848,20,Duplicate leases,Email,Software Problem / Issue,3,7/19/2019 9:27,7/19/2019 9:38,7/22/2019 13:42,0:11:00,13:14:58,1,2
849,24,MOVING ITEM FROM ONE JOB TO ANOTHER,Portal,Feature Request,3,7/19/2019 9:39,7/19/2019 10:11,7/22/2019 13:38,0:32:46,12:59:14,1,1
851,20,Re: New Reply Received - Duplicate leases,Email,Software Problem / Issue,3,7/21/2019 18:51,,7/22/2019 13:37,0:00:00,5:37:11,0,1
853,18,Missing E-Ticket D1JRYD3D,Portal,Software Problem / Issue,4,7/22/2019 12:44,7/22/2019 14:15,7/22/2019 15:15,1:31:17,2:31:01,1,1
854,18,Missing E-Ticket 3QDHCABV,Portal,Software Problem / Issue,4,7/22/2019 12:48,7/22/2019 13:56,7/22/2019 15:15,1:08:27,2:26:49,1,1
861,19,Re: RE: Dropbox folder,Email,,3,7/25/2019 15:27,,7/26/2019 9:36,0:00:00,3:08:52,0,1
862,18,Hauling Software Question,Email,General Question,3,7/25/2019 15:46,7/26/2019 11:12,7/31/2019 8:19,4:25:57,28:32:40,2,3
864,20,duplicates,Email,General Question,3,7/26/2019 8:27,,8/8/2019 13:25,0:00:00,85:57:26,0,1
871,18,Re: E-Ticket Issues,Email,Data Entry Support,4,7/30/2019 9:49,7/30/2019 11:57,7/31/2019 8:17,2:08:54,7:28:20,2,2
872,18,Re: [External] Checking In - Invoice API,Email,Software Problem / Issue,4,7/30/2019 12:24,7/30/2019 14:54,8/9/2019 13:54,2:30:39,73:30:18,4,3
873,26,VOIDED SOMETHING,Portal,Data Entry Support,1,7/30/2019 14:18,,7/31/2019 8:16,0:00:00,2:58:40,0,2
874,18,Missing Master Ticket,Portal,Software Problem / Issue,4,8/1/2019 8:47,8/1/2019 9:48,8/1/2019 15:05,1:00:57,6:17:59,1,2
876,18,New SWD,Email,Feature Request,4,8/1/2019 12:06,8/5/2019 16:08,8/5/2019 16:44,22:02:14,22:38:36,1,1
878,18,Fw: Tickets not showing up on MT,Email,Software Problem / Issue,4,8/2/2019 9:17,8/2/2019 10:23,8/2/2019 11:03,1:06:29,1:46:23,2,3
879,18,Re: Hauling - New Yards hard update,Email,Software Problem / Issue,3,8/2/2019 13:14,8/5/2019 9:54,8/8/2019 13:24,5:39:47,36:10:13,1,3
880,21,Need invoice dates changed,Portal,Data Entry Support,4,8/5/2019 17:18,8/5/2019 17:25,8/6/2019 11:42,0:00:00,3:42:46,2,3
884,18,Re: ETickets,Email,Software Problem / Issue,4,8/7/2019 14:42,8/7/2019 14:57,8/9/2019 13:54,0:14:48,17:11:29,2,6
885,18,Missing Field Tickets That Needed Added Back to MT,Email,Software Problem / Issue,4,8/7/2019 15:27,8/7/2019 15:56,8/8/2019 13:24,0:28:44,6:56:59,1,1
888,18,FW: [External] RE: Dynamics Issues,Email,Software Problem / Issue,5,8/8/2019 14:52,8/8/2019 15:00,8/9/2019 13:53,0:07:06,8:00:59,5,3
892,18,Fw: MISSING ETICKETS IN HS,Email,Software Problem / Issue,4,8/9/2019 9:41,8/9/2019 12:00,8/9/2019 13:53,2:19:17,4:12:02,1,1
895,18,Fw: E-Ticket,Email,Software Problem / Issue,3,8/9/2019 15:15,8/9/2019 15:25,8/12/2019 16:31,0:09:54,10:16:31,1,1
896,28,invoice printing,Portal,General Question,3,8/12/2019 17:49,8/12/2019 18:20,9/23/2019 13:58,0:00:00,257:58:52,3,2
897,18,Missing E ticket,Email,General Question,4,8/13/2019 15:09,8/13/2019 15:36,8/16/2019 14:10,0:27:13,26:01:38,1,1
898,41,Ticket didn't get priced,Portal,Software Problem / Issue,2,8/14/2019 8:45,8/14/2019 9:12,8/15/2019 10:26,0:26:54,10:40:36,1,2
899,18,Adding ETickets Back to MTs,Email,General Question,4,8/14/2019 9:45,,8/16/2019 13:38,0:00:00,21:52:33,0,1
900,18,Missing e tickets.xlsx,Email,General Question,4,8/14/2019 11:10,8/14/2019 11:24,8/16/2019 14:10,0:14:23,20:59:32,1,1
901,18,Ticket Needs Added Back to Signed MT,Email,General Question,4,8/14/2019 13:42,8/15/2019 7:49,8/16/2019 14:09,3:17:22,18:27:12,1,1
903,18,FW: Missing FT from MT ,Email,General Question,4,8/15/2019 12:56,,8/16/2019 9:09,0:00:00,5:13:10,0,1
905,18,FW: MT - 306713,Email,General Question,4,8/15/2019 15:01,,8/16/2019 9:10,0:00:00,3:09:04,0,1
906,24,Re: FW: Hauling Software,Email,Software Problem / Issue,5,8/15/2019 17:07,8/22/2019 9:08,9/6/2019 16:09,37:08:20,134:09:22,2,1
907,18,Fwd: Missing FT from MT ,Email,General Question,4,8/15/2019 17:41,,8/16/2019 9:10,0:00:00,1:10:20,0,1
908,18,Fwd: Missing FT from MT,Email,General Question,4,8/15/2019 17:42,,8/16/2019 9:10,0:00:00,1:10:32,0,1
909,18,Fwd: Missing FT from MT ,Email,General Question,4,8/15/2019 17:43,8/16/2019 9:25,8/16/2019 11:47,1:25:48,3:47:30,1,1
910,18,Fwd: Missing FT to MT ,Email,General Question,4,8/15/2019 17:43,,8/16/2019 9:22,0:00:00,1:22:06,0,1
911,18,FW: Missing FT from MT,Email,General Question,4,8/16/2019 8:56,8/16/2019 9:26,8/16/2019 13:19,0:29:36,4:22:48,1,1
912,18,FW: Missing FT from MT ,Email,General Question,4,8/16/2019 9:11,8/16/2019 9:26,8/16/2019 13:28,0:15:05,4:16:16,1,1
913,18,Needed Yard Update ,Email,General Question,4,8/16/2019 9:24,8/16/2019 10:45,8/16/2019 14:09,1:20:59,4:44:42,1,2
914,45,Can I put tickets into QB yet?,Portal,General Question,4,8/16/2019 19:23,8/16/2019 19:54,8/20/2019 16:45,0:00:00,17:45:37,1,2
915,45,Re: Can I put tickets into QB yet?,Email,,3,8/19/2019 8:41,,8/20/2019 16:45,0:00:00,17:04:26,0,1
917,45,Master Ticket Approval Error,Portal,Software Problem / Issue,3,8/19/2019 11:57,8/19/2019 12:48,8/22/2019 11:41,0:50:42,26:43:07,1,1
918,18,ETicket back on MT# 306383,Email,General Question,4,8/19/2019 13:12,8/19/2019 13:58,8/19/2019 14:20,0:46:16,1:07:54,1,1
920,18,MT# 298761,Email,General Question,4,8/19/2019 14:39,8/19/2019 16:47,8/19/2019 16:47,2:08:04,2:08:10,1,1
921,18,MT# 298763,Email,General Question,4,8/19/2019 14:41,8/19/2019 16:46,8/19/2019 16:47,2:05:39,2:05:54,1,1
922,18,Yard Update Needed,Email,Software Problem / Issue,4,8/20/2019 8:03,8/20/2019 8:44,8/20/2019 11:31,0:41:44,3:28:13,1,1
924,18,E-Tickets not on MT,Email,Software Problem / Issue,4,8/21/2019 15:14,,8/22/2019 11:40,0:00:00,5:26:12,0,1
925,18,E-ticket not on MT,Email,Software Problem / Issue,4,8/21/2019 15:29,8/21/2019 15:58,8/22/2019 11:40,0:29:05,5:10:43,2,2
926,18,Missing ticket image in admin approval tab,Email,Software Problem / Issue,3,8/22/2019 8:11,8/22/2019 9:29,8/22/2019 11:40,1:17:23,3:28:14,2,3
929,18,Fwd: MT310529,Email,General Question,4,8/23/2019 18:49,,8/26/2019 10:16,0:00:00,2:16:42,0,1
930,18,Fwd: MT 310528,Email,General Question,4,8/23/2019 18:51,,8/26/2019 10:16,0:00:00,2:16:29,0,1
931,18,Fwd: Mt 310523,Email,General Question,4,8/23/2019 18:52,8/26/2019 10:15,8/26/2019 10:16,2:15:48,2:16:19,1,1
932,18,Delete Test Ticket,Email,General Question,3,8/26/2019 10:20,8/26/2019 10:46,8/26/2019 10:48,0:25:53,0:27:43,1,2
933,26,Open jobs,Portal,Feature Request,5,8/27/2019 10:46,8/27/2019 13:37,,2:51:22,0:00:00,1,1
934,18,Data Entry Team,Email,Software Problem / Issue,2,8/27/2019 15:28,8/27/2019 15:39,9/6/2019 16:10,0:10:24,63:42:20,1,1
935,28,Directions,Portal,Software Problem / Issue,4,8/27/2019 15:57,8/27/2019 16:18,9/3/2019 16:37,0:20:56,37:02:31,3,3
936,18,Fw: E-Ticket,Email,Software Problem / Issue,3,8/28/2019 10:14,8/28/2019 10:33,9/23/2019 13:58,0:19:15,156:43:48,1,2
937,37,Lease,Portal,General Question,4,8/28/2019 13:55,8/28/2019 14:40,9/6/2019 16:11,0:44:52,56:15:17,1,2
940,5,Re: Importing,Email,General Question,4,8/29/2019 14:47,,9/6/2019 16:12,0:00:00,46:25:15,0,3
942,28,Fwd: Momentum Invoicing issue,Email,General Question,4,9/4/2019 14:01,,9/23/2019 13:57,0:00:00,116:56:50,0,2
944,18,Hauling Software Admin Approval,Email,Software Problem / Issue,5,9/5/2019 9:04,9/5/2019 12:47,,3:43:05,0:00:00,3,4
945,15,Re: ticket entry,Email,Software Problem / Issue,4,9/5/2019 9:25,,9/5/2019 11:49,0:00:00,2:24:05,0,2
946,15,ticket entry,Portal,Data Entry Support,4,9/5/2019 9:26,9/5/2019 9:46,9/5/2019 11:49,0:20:14,2:23:21,1,2
947,28,Update Web Services - Quickbooks,Portal,Software Problem / Issue,2,9/5/2019 10:53,,9/5/2019 11:49,0:00:00,0:55:46,0,1
948,20,Leases,Email,Software Problem / Issue,3,9/5/2019 15:33,9/5/2019 15:36,9/6/2019 16:14,0:03:34,9:41:29,5,6
949,45,Glitch in pricing - admin approval,Portal,Software Problem / Issue,5,9/6/2019 10:27,9/6/2019 13:02,9/18/2019 16:40,2:34:52,78:12:49,1,2
950,5,Paper Ticket Exports,Portal,Software Problem / Issue,2,9/6/2019 13:19,9/6/2019 14:17,9/6/2019 16:06,0:58:15,2:46:50,2,1
951,18,Hauling Software,Email,Software Problem / Issue,2,9/6/2019 14:02,9/6/2019 14:06,9/6/2019 16:06,0:03:42,2:03:45,2,1
953,18,Fwd: MT 306713,Email,General Question,4,9/9/2019 9:52,,9/9/2019 10:43,0:00:00,0:50:33,0,1
954,18,Fwd: MT 306602,Email,General Question,4,9/9/2019 9:53,,9/9/2019 10:43,0:00:00,0:50:20,0,1
955,18,Fwd: MT 304218,Email,General Question,4,9/9/2019 9:53,,9/9/2019 10:43,0:00:00,0:49:58,0,1
956,18,Fwd: MT 304201,Email,General Question,4,9/9/2019 9:54,,9/9/2019 10:44,0:00:00,0:50:18,0,1
957,18,Fwd: MT 304174,Email,General Question,4,9/9/2019 9:54,,9/9/2019 10:44,0:00:00,0:50:04,0,1
958,18,Fwd: MT 301479,Email,General Question,4,9/9/2019 9:54,,9/9/2019 10:44,0:00:00,0:49:46,0,1
959,18,Fwd: MT 301463,Email,General Question,4,9/9/2019 9:55,9/9/2019 10:31,9/9/2019 10:44,0:36:18,0:49:27,1,1
961,10,Additional Items - Freshwater Fee Label Name confusion,Portal,Data Entry Support,3,9/9/2019 11:47,9/9/2019 11:57,9/9/2019 12:32,0:10:08,0:45:03,1,2
962,45,Add pusher to summary ticket,Portal,General Question,3,9/9/2019 14:46,,9/9/2019 16:21,0:00:00,1:34:39,0,1
963,5,additional line items,Portal,Software Problem / Issue,2,9/10/2019 9:52,,9/23/2019 13:56,0:00:00,85:03:41,0,1
965,16,J&R TRANSPORT trailer categories,Email,Feature Request,4,9/10/2019 12:59,9/10/2019 13:11,9/11/2019 8:14,0:12:25,4:14:33,1,2
970,15,Re: Quickbooks Additional Customization,Email,Feature Request,4,9/11/2019 14:11,9/18/2019 13:27,9/23/2019 13:55,44:15:42,71:43:56,1,3
971,15,data entry,Portal,Data Entry Support,4,9/11/2019 14:55,9/11/2019 15:01,9/18/2019 13:28,0:06:12,43:33:20,1,1
973,5,FW: Importing,Email,Data Entry Support,3,9/13/2019 8:39,9/13/2019 9:24,9/16/2019 9:28,0:45:10,9:48:19,1,1
974,18,Fw: [External] Re: Hauling Software Ticket Update Errors,Email,Software Problem / Issue,4,9/13/2019 8:59,9/13/2019 9:09,9/18/2019 16:40,0:09:47,34:40:27,13,11
979,15,data entry,Portal,Data Entry Support,2,9/16/2019 13:47,9/16/2019 14:11,9/16/2019 14:29,0:23:53,0:41:17,1,2
982,18,FW: ETicket,Email,Software Problem / Issue,1,9/17/2019 9:25,9/17/2019 9:38,9/23/2019 13:55,0:13:11,40:29:50,1,1
984,18,Create Enpoint,Email,Software Problem / Issue,5,9/17/2019 14:55,9/17/2019 14:59,9/23/2019 13:54,0:03:41,34:59:31,4,2
985,45,Re: Rig on Summary Ticket,Email,Software Problem / Issue,4,9/17/2019 18:28,,9/18/2019 13:15,0:00:00,5:15:30,0,1
993,18,HTTP 500 erorrs,Email,Software Problem / Issue,3,9/19/2019 12:22,9/19/2019 12:25,9/23/2019 13:54,0:02:56,19:32:08,1,1
994,26,Feature Request,Portal,Feature Request,2,9/19/2019 12:45,9/20/2019 15:09,9/20/2019 15:10,11:23:59,11:24:07,1,1
996,18,Fw: E-Ticket update,Email,Software Problem / Issue,4,9/20/2019 8:57,9/20/2019 9:07,9/23/2019 13:54,0:09:39,13:56:53,1,2
997,10,$0.00 Price Confirmation on Admin Approval,Portal,Software Problem / Issue,2,9/20/2019 10:06,9/20/2019 10:26,,0:19:53,0:00:00,1,1
999,18,Re: MT# 333693,Email,Software Problem / Issue,3,9/20/2019 10:27,,9/23/2019 13:54,0:00:00,12:26:40,0,2
1000,18,Incorrect Timestamps,Email,Software Problem / Issue,3,9/20/2019 10:47,9/20/2019 10:59,9/23/2019 13:54,0:12:15,12:06:56,1,1
1001,18,Re: FW: Last Week & This Weeks Billing,Email,Software Problem / Issue,5,9/20/2019 11:53,9/20/2019 11:54,,0:01:01,0:00:00,1,3
1004,18,Fwd: Hauler List,Email,General Question,4,9/23/2019 11:26,,9/25/2019 7:52,0:00:00,14:33:03,0,1
1007,25,FW: [External] HS Bison - Dispatch Job Priority Alert 09/24/2019 1:00 pm,Email,Software Problem / Issue,3,9/24/2019 13:03,9/24/2019 13:11,9/24/2019 13:41,0:07:50,0:37:31,2,2
1008,18,Inactive employees,Portal,Software Problem / Issue,3,9/24/2019 13:24,9/24/2019 14:04,9/24/2019 14:06,0:39:27,0:41:58,1,2
1009,18,Incorrect default of name/email,Portal,Software Problem / Issue,4,9/24/2019 13:28,9/24/2019 13:47,9/24/2019 14:34,0:19:06,1:06:22,1,1
1012,18,Fw: Hauling issue,Email,Software Problem / Issue,4,9/25/2019 7:54,9/25/2019 9:01,,1:01:53,0:00:00,1,3
1014,18,Tickets is Limbo,Email,Software Problem / Issue,4,9/27/2019 8:35,9/27/2019 8:46,9/27/2019 11:39,0:11:34,3:04:17,2,3
1016,18,"Company showing in red as if it's past due, but it has over 250 hours till roll over and not enough for a load",Portal,Software Problem / Issue,3,9/30/2019 10:37,9/30/2019 11:25,10/1/2019 16:06,0:48:33,14:29:49,1,2
1017,18,Fw: Wrong info in Hauling Software,Email,Software Problem / Issue,4,9/30/2019 15:00,,,0:00:00,0:00:00,0,3
